2022-11-02 13:53:36,Incest,DVRT008,Bitch Older Sister VS Frigid Younger Brother Haru Ogawa,['Haru Okawa'],"Nov. 2, 2022","5.9,GB","['Bitch', 'Breasts', 'Creampie', 'Incest', 'Sister', 'Solowork']",https://pics.dmm.co.jp/mono/movie/adult/dvrt008/dvrt008pl.jpg,https://onejav.com/torrent/dvrt008/download/01554510/onejav.com_dvrt008.torrent
2022-11-02 13:53:36,Incest,ALDN079,Unbearable Patience Even My Daughter-in-law Is An Uncle Miho Tsuno,['Miho Tsuno'],"Oct. 29, 2022","5.9,GB","['Adopted Daughter', 'Creampie', 'Digital Mosaic', 'Drama', 'Incest', 'Married Woman', 'Solowork']",https://pics.dmm.co.jp/mono/movie/adult/aldn079/aldn079pl.jpg,https://onejav.com/torrent/aldn079/download/55502645/onejav.com_aldn079.torrent
2022-11-02 13:53:36,Incest,GVH472,Mother-to-child Rape Mao Kurata,['Mao Kurata'],"Oct. 29, 2022","5.2,GB","['Creampie', 'Drama', 'Huge Butt', 'Incest', 'Mother', 'Solowork']",https://pics.dmm.co.jp/mono/movie/adult/gvh472/gvh472pl.jpg,https://onejav.com/torrent/gvh472/download/87418357/onejav.com_gvh472.torrent
2022-11-02 13:53:36,Incest,YSN585,It Is Kept By The Brother Of A Child Uncle Who Is Stupid But Has A Strong Libido. Mitsuki Nagisa,['Mitsuki Nagisa'],"Oct. 28, 2022","4.3,GB","['Conceived', 'Creampie', 'Deep Throating', 'Incest', 'Other Fetish', 'Solowork']",https://pics.dmm.co.jp/mono/movie/adult/h_127ysn585/h_127ysn585pl.jpg,https://onejav.com/torrent/ysn585/download/35001337/onejav.com_ysn585.torrent
2022-11-02 13:53:36,Incest,AOZ316,Busty Mother Incest Video Raped By Her Withdrawn Virgin Son,[],"Oct. 28, 2022","6.7,GB","['Big Tits', 'Evil', 'Incest', 'Mother']",https://pics.dmm.co.jp/mono/movie/adult/h_308aoz316z/h_308aoz316zpl.jpg,https://onejav.com/torrent/aoz316/download/00489556/onejav.com_aoz316.torrent
2022-11-02 13:53:36,Incest,AOZ317,"Sleeping Beauty, Brother Incest Sex With Busty Older Sister At Night",[],"Oct. 28, 2022","10.4,GB","['4HR+', 'Big Tits', 'Incest', 'Older Sister']",https://pics.dmm.co.jp/mono/movie/adult/h_308aoz317z/h_308aoz317zpl.jpg,https://onejav.com/torrent/aoz317/download/10459653/onejav.com_aoz317.torrent
2022-11-02 13:53:36,Incest,YST282,I'm A Pervert Who Drips Pussy Juice Even Though My Father-in-law Treats Me As A Mouth. Mitsuki Nagisa,['Mitsuki Nagisa'],"Oct. 28, 2022","4.3,GB","['Conceived', 'Creampie', 'Incest', 'Nasty, Hardcore', 'Other Fetish', 'Solowork']",https://pics.dmm.co.jp/mono/movie/adult/540yst282/540yst282pl.jpg,https://onejav.com/torrent/yst282/download/00675881/onejav.com_yst282.torrent
2022-11-02 13:53:36,Incest,FERA159,"When I Pulled The Parent Gacha, A Super Nasty Sukimono Mother Appeared Sumie Hirota",['Sumie Hirota'],"Oct. 27, 2022","4.2,GB","['Creampie', 'Incest', 'Married Woman', 'Mature Woman', 'Solowork']",https://pics.dmm.co.jp/mono/movie/adult/h_086fera159/h_086fera159pl.jpg,https://onejav.com/torrent/fera159/download/24520291/onejav.com_fera159.torrent
2022-11-02 13:53:36,Incest,KAAD66,Beautiful Mother-in-law Of Our House Sakiko Mihara,['Sakiko Mihara'],"Oct. 27, 2022","4.3,GB","['Big Tits', 'Creampie', 'Incest', 'Married Woman', 'Mature Woman', 'Solowork']",https://pics.dmm.co.jp/mono/movie/adult/h_086kaad66/h_086kaad66pl.jpg,https://onejav.com/torrent/kaad66/download/93567595/onejav.com_kaad66.torrent
2022-11-02 13:53:36,Incest,MDVHJ067,"""Father-in-law, If You Forgive Me Anymore, I Will..."" A Bride Who Cums On Her Husband's Father's Unequaled Cock...Chapter 4 Minami Matsukawa",['Chinami Matsukawa'],"Oct. 27, 2022","4.6,GB","['Big Tits', 'Drama', 'Huge Cock', 'Incest', 'Married Woman', 'Mature Woman', 'Solowork']",https://pics.dmm.co.jp/mono/movie/adult/48mdvhj067/48mdvhj067pl.jpg,https://onejav.com/torrent/mdvhj067/download/53695114/onejav.com_mdvhj067.torrent
